"0","excel_files <- list.files(pattern = ""\\.xlsx$"")"
"0",""
"0",""
"0","auto_parts <- read_xlsx(""auto_parts.xlsx"") "
"2","New names:"
"0","auto_parts_edited <-"
"0","  as_tibble(auto_parts) %>%"
"0","  slice(7:nrow(auto_parts)) %>%"
"0","  rename(c(date = 1, price = 2, volume = 3)) %>% "
"0","  mutate(price = as.numeric(price)) %>% "
"0","  mutate(date = as.numeric(date)) %>% "
"0","  mutate(date = as.Date(date, origin=""1899-12-30"")) %>% "
"0","  arrange(date) %>% "
"0","  select(1,2) %>% "
"0","  drop_na() %>% "
"0","  mutate(log_return = diff(log(price)))"
"1","[1m[33mError[39m in [38;5;232m`mutate()`[39m:[22m
[38;5;232m[33m![38;5;232m Problem while computing `log_return = diff(log(price))`.
[31m✖[38;5;232m `log_return` must be size 3045 or 1, not 3044.[39m
Backtrace:
[90m 1. [39m... %>% mutate(log_return = diff(log(price)))
[90m 3. [39m[38;5;232m[1m[94mdplyr:::mutate.data.frame([38;5;232m[22m[39m., log_return = diff(log(price))[38;5;232m[1m[94m)[38;5;232m[22m[39m
"
